{"cameraMode":{"drawMode":0,"name":"Shaded","section":"Shading Mode"},"sceneLighting":false,"audioPlay":false,"sceneViewState":{"showFog":true,"showMaterialUpdate":true,"showSkybox":false,"showFlares":true,"showImageEffects":true,"showParticleSystems":true},"in2DMode":false,"pivot":{"x":0.0012052003294229508,"y":0.03598640114068985,"z":-0.0029791994020342829},"rotation":{"x":0.08719418197870255,"y":0.9104849696159363,"z":-0.2530308961868286,"w":0.31569454073905947},"size":0.07097801566123963,"orthographic":true}