{"cameraMode":{"drawMode":0,"name":"Shaded","section":"Shading Mode"},"sceneLighting":true,"audioPlay":false,"sceneViewState":{"showFog":true,"showMaterialUpdate":true,"showSkybox":false,"showFlares":true,"showImageEffects":true,"showParticleSystems":true},"in2DMode":false,"pivot":{"x":0.08897131681442261,"y":0.12935329973697663,"z":-0.16436225175857545},"rotation":{"x":0.28583455085754397,"y":0.6231903433799744,"z":-0.26230165362358096,"w":0.679086446762085},"size":0.3587522506713867,"orthographic":true}