{"cameraMode":{"drawMode":0,"name":"Shaded","section":"Shading Mode"},"sceneLighting":false,"audioPlay":false,"sceneViewState":{"showFog":true,"showMaterialUpdate":true,"showSkybox":false,"showFlares":true,"showImageEffects":true,"showParticleSystems":true},"in2DMode":false,"pivot":{"x":-0.051100000739097598,"y":0.04809999838471413,"z":0.009399999864399434},"rotation":{"x":-0.029449161142110826,"y":0.9648924469947815,"z":-0.12003961205482483,"w":-0.2323555201292038},"size":0.051036618649959567,"orthographic":true}