{"cameraMode":{"drawMode":0,"name":"Shaded","section":"Shading Mode"},"sceneLighting":false,"audioPlay":false,"sceneViewState":{"showFog":true,"showMaterialUpdate":true,"showSkybox":false,"showFlares":true,"showImageEffects":true,"showParticleSystems":true},"in2DMode":false,"pivot":{"x":-1.5075948238372803,"y":0.07937495410442352,"z":0.5311360955238342},"rotation":{"x":0.0042440867982804779,"y":-0.6190252304077148,"z":0.0033361574169248344,"w":0.7853723168373108},"size":1.0762311220169068,"orthographic":false}