{"cameraMode":{"drawMode":0,"name":"Shaded","section":"Shading Mode"},"sceneLighting":false,"audioPlay":false,"sceneViewState":{"showFog":true,"showMaterialUpdate":true,"showSkybox":false,"showFlares":true,"showImageEffects":true,"showParticleSystems":true},"in2DMode":false,"pivot":{"x":-0.028895335271954538,"y":0.0060696229338645939,"z":0.012744879350066185},"rotation":{"x":-0.01682332716882229,"y":0.8349940180778503,"z":-0.5494527220726013,"w":-0.02557961456477642},"size":0.21798501908779145,"orthographic":true}