{"cameraMode":{"drawMode":0,"name":"Shaded","section":"Shading Mode"},"sceneLighting":false,"audioPlay":false,"sceneViewState":{"showFog":true,"showMaterialUpdate":true,"showSkybox":false,"showFlares":true,"showImageEffects":true,"showParticleSystems":true},"in2DMode":false,"pivot":{"x":-0.4044240713119507,"y":-0.4446644186973572,"z":-0.35977301001548769},"rotation":{"x":-0.16907799243927003,"y":0.8205312490463257,"z":-0.3074471056461334,"w":-0.4512530267238617},"size":0.7762312293052673,"orthographic":false}