{"cameraMode":{"drawMode":0,"name":"Shaded","section":"Shading Mode"},"sceneLighting":false,"audioPlay":false,"sceneViewState":{"showFog":true,"showMaterialUpdate":true,"showSkybox":false,"showFlares":true,"showImageEffects":true,"showParticleSystems":true},"in2DMode":false,"pivot":{"x":-0.6682109832763672,"y":0.7397764921188355,"z":0.43174129724502566},"rotation":{"x":-0.058356065303087237,"y":-0.9342575073242188,"z":0.1801377832889557,"w":-0.3022495210170746},"size":0.16546420753002168,"orthographic":true}