{"cameraMode":{"drawMode":0,"name":"Shaded","section":"Shading Mode"},"sceneLighting":false,"audioPlay":false,"sceneViewState":{"showFog":true,"showMaterialUpdate":true,"showSkybox":false,"showFlares":true,"showImageEffects":true,"showParticleSystems":true},"in2DMode":false,"pivot":{"x":0.0589599609375,"y":0.17047119140625,"z":0.0579681396484375},"rotation":{"x":0.23046259582042695,"y":-0.6844693422317505,"z":0.24364854395389558,"w":0.6473426222801209},"size":0.23219233751296998,"orthographic":true}