{"cameraMode":{"drawMode":0,"name":"Shaded","section":"Shading Mode"},"sceneLighting":false,"audioPlay":false,"sceneViewState":{"showFog":true,"showMaterialUpdate":true,"showSkybox":false,"showFlares":true,"showImageEffects":true,"showParticleSystems":true},"in2DMode":false,"pivot":{"x":-0.7065000534057617,"y":0.3120500147342682,"z":0.34505921602249148},"rotation":{"x":-0.23325234651565553,"y":0.7573820352554321,"z":-0.3574891686439514,"w":-0.4941820800304413},"size":0.9512588381767273,"orthographic":true}