{"cameraMode":{"drawMode":0,"name":"Shaded","section":"Shading Mode"},"sceneLighting":true,"audioPlay":false,"sceneViewState":{"showFog":true,"showMaterialUpdate":true,"showSkybox":true,"showFlares":true,"showImageEffects":true,"showParticleSystems":true},"in2DMode":false,"pivot":{"x":-0.677886962890625,"y":0.740692138671875,"z":0.4293212890625},"rotation":{"x":-0.15811900794506074,"y":-0.8158865571022034,"z":0.26311391592025759,"w":-0.4900464415550232},"size":0.681206226348877,"orthographic":true}