{"cameraMode":{"drawMode":0,"name":"Shaded","section":"Shading Mode"},"sceneLighting":false,"audioPlay":false,"sceneViewState":{"showFog":true,"showMaterialUpdate":true,"showSkybox":false,"showFlares":true,"showImageEffects":true,"showParticleSystems":true},"in2DMode":false,"pivot":{"x":-0.7095000743865967,"y":0.1355000138282776,"z":0.34450849890708926},"rotation":{"x":-0.23325234651565553,"y":0.7573820352554321,"z":-0.3574891686439514,"w":-0.4941820800304413},"size":0.8877169489860535,"orthographic":true}