{"cameraMode":{"drawMode":0,"name":"Shaded","section":"Shading Mode"},"sceneLighting":true,"audioPlay":false,"sceneViewState":{"showFog":true,"showMaterialUpdate":true,"showSkybox":false,"showFlares":true,"showImageEffects":true,"showParticleSystems":true},"in2DMode":false,"pivot":{"x":0.15465262532234193,"y":0.0818900540471077,"z":-0.0953502357006073},"rotation":{"x":-0.25042298436164858,"y":-0.5670726299285889,"z":0.18626949191093446,"w":-0.7622716426849365},"size":0.5944218635559082,"orthographic":true}