{"cameraMode":{"drawMode":0,"name":"Shaded","section":"Shading Mode"},"sceneLighting":false,"audioPlay":false,"sceneViewState":{"showFog":true,"showMaterialUpdate":true,"showSkybox":false,"showFlares":true,"showImageEffects":true,"showParticleSystems":true},"in2DMode":false,"pivot":{"x":2.3283064365386965e-10,"y":4.656612873077393e-10,"z":0.0},"rotation":{"x":0.029198113828897477,"y":-0.9689490795135498,"z":0.14050112664699555,"w":0.20136180520057679},"size":1.0000064373016358,"orthographic":false}