{"cameraMode":{"drawMode":0,"name":"Shaded","section":"Shading Mode"},"sceneLighting":false,"audioPlay":false,"sceneViewState":{"showFog":true,"showMaterialUpdate":true,"showSkybox":false,"showFlares":true,"showImageEffects":true,"showParticleSystems":true},"in2DMode":false,"pivot":{"x":-0.021015986800193788,"y":0.02882702648639679,"z":0.01875433698296547},"rotation":{"x":0.1522667109966278,"y":-0.6435893774032593,"z":0.1327386051416397,"w":0.7382524609565735},"size":0.10606721043586731,"orthographic":false}