{"cameraMode":{"drawMode":0,"name":"Shaded","section":"Shading Mode"},"sceneLighting":false,"audioPlay":false,"sceneViewState":{"showFog":true,"showMaterialUpdate":true,"showSkybox":false,"showFlares":true,"showImageEffects":true,"showParticleSystems":true},"in2DMode":false,"pivot":{"x":7.450580596923828e-9,"y":7.450580596923828e-9,"z":-0.03299998864531517},"rotation":{"x":-0.01682332716882229,"y":0.8349940180778503,"z":-0.5494527220726013,"w":-0.02557961456477642},"size":0.1506287157535553,"orthographic":true}