{"cameraMode":{"drawMode":0,"name":"Shaded","section":"Shading Mode"},"sceneLighting":false,"audioPlay":false,"sceneViewState":{"showFog":true,"showMaterialUpdate":true,"showSkybox":false,"showFlares":true,"showImageEffects":true,"showParticleSystems":true},"in2DMode":false,"pivot":{"x":-0.039129458367824557,"y":0.08549997210502625,"z":0.01596495881676674},"rotation":{"x":-0.04547891020774841,"y":-0.9213871359825134,"z":0.11492733657360077,"w":-0.36884477734565737},"size":0.09528681635856629,"orthographic":true}