{"cameraMode":{"drawMode":0,"name":"Shaded","section":"Shading Mode"},"sceneLighting":false,"audioPlay":false,"sceneViewState":{"showFog":true,"showMaterialUpdate":true,"showSkybox":false,"showFlares":true,"showImageEffects":true,"showParticleSystems":true},"in2DMode":false,"pivot":{"x":-0.04251525551080704,"y":0.028746753931045533,"z":0.005942291580140591},"rotation":{"x":-0.02852482907474041,"y":0.7326228022575378,"z":-0.02999713644385338,"w":-0.6795781254768372},"size":0.06904545426368714,"orthographic":true}