{"cameraMode":{"drawMode":0,"name":"Shaded","section":"Shading Mode"},"sceneLighting":false,"audioPlay":false,"sceneViewState":{"showFog":true,"showMaterialUpdate":false,"showSkybox":false,"showFlares":true,"showImageEffects":true,"showParticleSystems":true},"in2DMode":false,"pivot":{"x":-0.003906533122062683,"y":-0.0024122686590999367,"z":0.04200654476881027},"rotation":{"x":-0.35875406861305239,"y":0.6127291321754456,"z":-0.3650508224964142,"w":-0.6021602749824524},"size":0.10606721043586731,"orthographic":false}