{"cameraMode":{"drawMode":0,"name":"Shaded","section":"Shading Mode"},"sceneLighting":true,"audioPlay":false,"sceneViewState":{"showFog":false,"showMaterialUpdate":false,"showSkybox":false,"showFlares":false,"showImageEffects":false,"showParticleSystems":false},"in2DMode":false,"pivot":{"x":0.07417057454586029,"y":0.5487155318260193,"z":-0.28969329595565798},"rotation":{"x":0.07033847272396088,"y":-0.3437125086784363,"z":0.02582697570323944,"w":0.9360825419425964},"size":2.135561227798462,"orthographic":false}