{"cameraMode":{"drawMode":0,"name":"Shaded","section":"Shading Mode"},"sceneLighting":false,"audioPlay":false,"sceneViewState":{"showFog":true,"showMaterialUpdate":true,"showSkybox":false,"showFlares":true,"showImageEffects":true,"showParticleSystems":true},"in2DMode":false,"pivot":{"x":7.450580596923828e-9,"y":7.450580596923828e-9,"z":-0.02299998328089714},"rotation":{"x":-0.15278330445289613,"y":-0.46601608395576479,"z":0.08206578344106674,"w":-0.8676155805587769},"size":0.14187674224376679,"orthographic":false}