{"cameraMode":{"drawMode":0,"name":"Shaded","section":"Shading Mode"},"sceneLighting":false,"audioPlay":false,"sceneViewState":{"showFog":true,"showMaterialUpdate":true,"showSkybox":false,"showFlares":true,"showImageEffects":true,"showParticleSystems":true},"in2DMode":false,"pivot":{"x":-0.47999998927116396,"y":0.05000000074505806,"z":0.05000000447034836},"rotation":{"x":0.11353625357151032,"y":0.23086650669574738,"z":-0.0271349735558033,"w":0.9659594297409058},"size":0.08573213964700699,"orthographic":true}