{"cameraMode":{"drawMode":0,"name":"Shaded","section":"Shading Mode"},"sceneLighting":false,"audioPlay":false,"sceneViewState":{"showFog":true,"showMaterialUpdate":true,"showSkybox":false,"showFlares":true,"showImageEffects":true,"showParticleSystems":true},"in2DMode":false,"pivot":{"x":-0.21791547536849976,"y":-0.2695755958557129,"z":0.12972010672092439},"rotation":{"x":-0.4823035001754761,"y":0.44509950280189516,"z":-0.3126217722892761,"w":-0.6866880655288696},"size":0.8699702620506287,"orthographic":false}