{"cameraMode":{"drawMode":0,"name":"Shaded","section":"Shading Mode"},"sceneLighting":false,"audioPlay":false,"sceneViewState":{"showFog":true,"showMaterialUpdate":true,"showSkybox":false,"showFlares":true,"showImageEffects":true,"showParticleSystems":true},"in2DMode":false,"pivot":{"x":-0.6682109832763672,"y":0.7397764921188355,"z":0.43174129724502566},"rotation":{"x":-0.1990204155445099,"y":0.6206923127174377,"z":-0.16698604822158814,"w":-0.7397645711898804},"size":0.1654641479253769,"orthographic":false}