{"cameraMode":{"drawMode":0,"name":"Shaded","section":"Shading Mode"},"sceneLighting":false,"audioPlay":false,"sceneViewState":{"showFog":true,"showMaterialUpdate":true,"showSkybox":false,"showFlares":true,"showImageEffects":true,"showParticleSystems":true},"in2DMode":false,"pivot":{"x":0.0,"y":0.14375001192092896,"z":7.450580596923828e-9},"rotation":{"x":-0.39395520091056826,"y":-0.6015286445617676,"z":0.44164004921913149,"w":-0.5365808606147766},"size":0.28180500864982607,"orthographic":false}