{"cameraMode":{"drawMode":0,"name":"Shaded","section":"Shading Mode"},"sceneLighting":false,"audioPlay":false,"sceneViewState":{"showFog":true,"showMaterialUpdate":true,"showSkybox":false,"showFlares":true,"showImageEffects":true,"showParticleSystems":true},"in2DMode":false,"pivot":{"x":7.450580596923828e-9,"y":7.450580596923828e-9,"z":-0.02299998328089714},"rotation":{"x":-0.1887543499469757,"y":0.22803199291229249,"z":-0.04511187970638275,"w":-0.9541168808937073},"size":0.14187674224376679,"orthographic":false}