{"cameraMode":{"drawMode":0,"name":"Shaded","section":"Shading Mode"},"sceneLighting":false,"audioPlay":false,"sceneViewState":{"showFog":true,"showMaterialUpdate":true,"showSkybox":false,"showFlares":true,"showImageEffects":true,"showParticleSystems":true},"in2DMode":false,"pivot":{"x":0.6338297724723816,"y":-1.5566092729568482,"z":0.13815544545650483},"rotation":{"x":-0.42247119545936587,"y":-0.5531905889511108,"z":0.38606834411621096,"w":-0.6053553223609924},"size":1.3452105522155762,"orthographic":false}