{"cameraMode":{"drawMode":0,"name":"Shaded","section":"Shading Mode"},"sceneLighting":false,"audioPlay":false,"sceneViewState":{"showFog":true,"showMaterialUpdate":true,"showSkybox":false,"showFlares":true,"showImageEffects":true,"showParticleSystems":true},"in2DMode":false,"pivot":{"x":-0.039695627987384799,"y":0.018149636685848237,"z":0.015019334852695465},"rotation":{"x":-0.2526431083679199,"y":0.2814268469810486,"z":-0.07707266509532929,"w":-0.9225138425827026},"size":0.06904542446136475,"orthographic":false}