{"cameraMode":{"drawMode":0,"name":"Shaded","section":"Shading Mode"},"sceneLighting":false,"audioPlay":false,"sceneViewState":{"showFog":true,"showMaterialUpdate":true,"showSkybox":true,"showFlares":true,"showImageEffects":true,"showParticleSystems":true},"in2DMode":false,"pivot":{"x":-0.12420789897441864,"y":0.0839286744594574,"z":0.2624734938144684},"rotation":{"x":-0.1989320069551468,"y":0.09888691455125809,"z":-0.020179959014058114,"w":-0.9748051166534424},"size":0.41433972120285036,"orthographic":false}