{"cameraMode":{"drawMode":0,"name":"Shaded","section":"Shading Mode"},"sceneLighting":false,"audioPlay":false,"sceneViewState":{"showFog":true,"showMaterialUpdate":false,"showSkybox":false,"showFlares":true,"showImageEffects":true,"showParticleSystems":true},"in2DMode":false,"pivot":{"x":-1.1764756441116334,"y":0.6721842885017395,"z":0.594630241394043},"rotation":{"x":0.15121079981327058,"y":0.8306511044502258,"z":-0.27204424142837527,"w":0.4616869390010834},"size":0.5364697575569153,"orthographic":true}