{"cameraMode":{"drawMode":0,"name":"Shaded","section":"Shading Mode"},"sceneLighting":false,"audioPlay":false,"sceneViewState":{"showFog":true,"showMaterialUpdate":false,"showSkybox":false,"showFlares":true,"showImageEffects":true,"showParticleSystems":true},"in2DMode":false,"pivot":{"x":-7.190000057220459,"y":-7.179999828338623,"z":2.740000009536743},"rotation":{"x":-0.17408336699008943,"y":-0.20167307555675507,"z":0.03645051643252373,"w":-0.9631699919700623},"size":0.12247446924448013,"orthographic":false}