{"cameraMode":{"drawMode":0,"name":"Shaded","section":"Shading Mode"},"sceneLighting":false,"audioPlay":false,"sceneViewState":{"showFog":true,"showMaterialUpdate":false,"showSkybox":false,"showFlares":true,"showImageEffects":true,"showParticleSystems":true},"in2DMode":false,"pivot":{"x":0.3790000081062317,"y":0.05000000447034836,"z":0.8320000171661377},"rotation":{"x":-0.28420886397361758,"y":0.351630300283432,"z":-0.11295302212238312,"w":-0.8847805261611939},"size":0.18759362399578095,"orthographic":false}