{"cameraMode":{"drawMode":0,"name":"Shaded","section":"Shading Mode"},"sceneLighting":false,"audioPlay":false,"sceneViewState":{"showFog":true,"showMaterialUpdate":false,"showSkybox":false,"showFlares":true,"showImageEffects":true,"showParticleSystems":true},"in2DMode":false,"pivot":{"x":0.09436202049255371,"y":0.2377983182668686,"z":-0.10181522369384766},"rotation":{"x":-0.1431487649679184,"y":-0.40756019949913027,"z":0.06485629826784134,"w":-0.8995550870895386},"size":3.570714235305786,"orthographic":false}