{"cameraMode":{"drawMode":0,"name":"Shaded","section":"Shading Mode"},"sceneLighting":false,"audioPlay":false,"sceneViewState":{"showFog":true,"showMaterialUpdate":false,"showSkybox":false,"showFlares":true,"showImageEffects":true,"showParticleSystems":true},"in2DMode":false,"pivot":{"x":-0.35712695121765139,"y":0.020552605390548707,"z":0.01199999451637268},"rotation":{"x":-0.21342210471630097,"y":0.18939627707004548,"z":-0.042216937988996509,"w":-0.9575027227401733},"size":0.2784891128540039,"orthographic":false}