{"cameraMode":{"drawMode":0,"name":"Shaded","section":"Shading Mode"},"sceneLighting":true,"audioPlay":false,"sceneViewState":{"showFog":true,"showMaterialUpdate":false,"showSkybox":true,"showFlares":true,"showImageEffects":true,"showParticleSystems":true},"in2DMode":false,"pivot":{"x":5.684742450714111,"y":5.657824993133545,"z":2.6835126876831056},"rotation":{"x":-0.0437953919172287,"y":-0.005712719168514013,"z":0.0002495771332178265,"w":-0.9990310072898865},"size":8.170342445373536,"orthographic":false}